wave,date,country_code,context,issue,pct
EB101.3,2024-04-01,AL,cntry,environment,2
EB102.2,2024-10-01,AL,cntry,environment,1
EB103.3,2025-03-01,AL,cntry,environment,1
EB104.1,2025-10-01,AL,cntry,environment,1
EB105.2,2026-03-01,AL,cntry,environment,3
EB101.3,2024-04-01,AT,cntry,environment,23
EB102.2,2024-10-01,AT,cntry,environment,16
EB103.3,2025-03-01,AT,cntry,environment,13
EB104.1,2025-10-01,AT,cntry,environment,10
EB105.2,2026-03-01,AT,cntry,environment,10
EB101.3,2024-04-01,BA,cntry,environment,3
EB102.2,2024-10-01,BA,cntry,environment,6
EB103.3,2025-03-01,BA,cntry,environment,6
EB104.1,2025-10-01,BA,cntry,environment,6
EB105.2,2026-03-01,BA,cntry,environment,5
EB101.3,2024-04-01,BE,cntry,environment,17
EB102.2,2024-10-01,BE,cntry,environment,15
EB103.3,2025-03-01,BE,cntry,environment,9
EB104.1,2025-10-01,BE,cntry,environment,8
EB105.2,2026-03-01,BE,cntry,environment,5
EB101.3,2024-04-01,BG,cntry,environment,5
EB102.2,2024-10-01,BG,cntry,environment,5
EB103.3,2025-03-01,BG,cntry,environment,7.000000000000001
EB104.1,2025-10-01,BG,cntry,environment,9
EB105.2,2026-03-01,BG,cntry,environment,3
EB101.3,2024-04-01,CY,cntry,environment,3
EB102.2,2024-10-01,CY,cntry,environment,4
EB103.3,2025-03-01,CY,cntry,environment,4
EB104.1,2025-10-01,CY,cntry,environment,4
EB105.2,2026-03-01,CY,cntry,environment,3
EB101.3,2024-04-01,CY(TCC),cntry,environment,3
EB102.2,2024-10-01,CY(TCC),cntry,environment,2
EB103.3,2025-03-01,CY_TCC,cntry,environment,6
EB104.1,2025-10-01,CY_TCC,cntry,environment,2
EB105.2,2026-03-01,CY_TCC,cntry,environment,4
EB101.3,2024-04-01,CZ,cntry,environment,8
EB102.2,2024-10-01,CZ,cntry,environment,6
EB103.3,2025-03-01,CZ,cntry,environment,3
EB104.1,2025-10-01,CZ,cntry,environment,5
EB105.2,2026-03-01,CZ,cntry,environment,4
EB101.3,2024-04-01,D-E,cntry,environment,11
EB102.2,2024-10-01,D-E,cntry,environment,8
EB101.3,2024-04-01,D-W,cntry,environment,20
EB102.2,2024-10-01,D-W,cntry,environment,15
EB101.3,2024-04-01,DE,cntry,environment,18
EB102.2,2024-10-01,DE,cntry,environment,13
EB103.3,2025-03-01,DE,cntry,environment,11
EB104.1,2025-10-01,DE,cntry,environment,9
EB105.2,2026-03-01,DE,cntry,environment,8
EB101.3,2024-04-01,DK,cntry,environment,47
EB102.2,2024-10-01,DK,cntry,environment,50
EB103.3,2025-03-01,DK,cntry,environment,22
EB104.1,2025-10-01,DK,cntry,environment,21
EB105.2,2026-03-01,DK,cntry,environment,27
EB101.3,2024-04-01,EE,cntry,environment,3
EB102.2,2024-10-01,EE,cntry,environment,3
EB103.3,2025-03-01,EE,cntry,environment,2
EB104.1,2025-10-01,EE,cntry,environment,3
EB105.2,2026-03-01,EE,cntry,environment,2
EB101.3,2024-04-01,EL,cntry,environment,6
EB102.2,2024-10-01,EL,cntry,environment,6
EB103.3,2025-03-01,EL,cntry,environment,4
EB104.1,2025-10-01,EL,cntry,environment,3
EB105.2,2026-03-01,EL,cntry,environment,3
EB101.3,2024-04-01,ES,cntry,environment,8
EB102.2,2024-10-01,ES,cntry,environment,5
EB103.3,2025-03-01,ES,cntry,environment,3
EB104.1,2025-10-01,ES,cntry,environment,3
EB105.2,2026-03-01,ES,cntry,environment,2
EB101.3,2024-04-01,EU,cntry,environment,14.000000000000002
EB102.2,2024-10-01,EU,cntry,environment,12
EB103.3,2025-03-01,EU,cntry,environment,9
EB104.1,2025-10-01,EU,cntry,environment,8
EB105.2,2026-03-01,EU,cntry,environment,7.000000000000001
EB101.3,2024-04-01,FI,cntry,environment,17
EB102.2,2024-10-01,FI,cntry,environment,19
EB103.3,2025-03-01,FI,cntry,environment,11
EB104.1,2025-10-01,FI,cntry,environment,8
EB105.2,2026-03-01,FI,cntry,environment,7.000000000000001
EB101.3,2024-04-01,FR,cntry,environment,12
EB102.2,2024-10-01,FR,cntry,environment,13
EB103.3,2025-03-01,FR,cntry,environment,9
EB104.1,2025-10-01,FR,cntry,environment,6
EB105.2,2026-03-01,FR,cntry,environment,6
EB101.3,2024-04-01,GE,cntry,environment,4
EB102.2,2024-10-01,GE,cntry,environment,3
EB103.3,2025-03-01,GE,cntry,environment,5
EB104.1,2025-10-01,GE,cntry,environment,4
EB105.2,2026-03-01,GE,cntry,environment,6
EB101.3,2024-04-01,HR,cntry,environment,10
EB102.2,2024-10-01,HR,cntry,environment,7.000000000000001
EB103.3,2025-03-01,HR,cntry,environment,6
EB104.1,2025-10-01,HR,cntry,environment,6
EB105.2,2026-03-01,HR,cntry,environment,4
EB101.3,2024-04-01,HU,cntry,environment,8
EB102.2,2024-10-01,HU,cntry,environment,7.000000000000001
EB103.3,2025-03-01,HU,cntry,environment,5
EB104.1,2025-10-01,HU,cntry,environment,6
EB105.2,2026-03-01,HU,cntry,environment,3
EB101.3,2024-04-01,IE,cntry,environment,9
EB102.2,2024-10-01,IE,cntry,environment,7.000000000000001
EB103.3,2025-03-01,IE,cntry,environment,6
EB104.1,2025-10-01,IE,cntry,environment,4
EB105.2,2026-03-01,IE,cntry,environment,4
EB101.3,2024-04-01,IT,cntry,environment,11
EB102.2,2024-10-01,IT,cntry,environment,11
EB103.3,2025-03-01,IT,cntry,environment,9
EB104.1,2025-10-01,IT,cntry,environment,8
EB105.2,2026-03-01,IT,cntry,environment,8
EB101.3,2024-04-01,LT,cntry,environment,5
EB102.2,2024-10-01,LT,cntry,environment,4
EB103.3,2025-03-01,LT,cntry,environment,2
EB104.1,2025-10-01,LT,cntry,environment,1
EB105.2,2026-03-01,LT,cntry,environment,2
EB101.3,2024-04-01,LU,cntry,environment,10
EB102.2,2024-10-01,LU,cntry,environment,10
EB103.3,2025-03-01,LU,cntry,environment,6
EB104.1,2025-10-01,LU,cntry,environment,6
EB105.2,2026-03-01,LU,cntry,environment,5
EB101.3,2024-04-01,LV,cntry,environment,3
EB102.2,2024-10-01,LV,cntry,environment,1
EB103.3,2025-03-01,LV,cntry,environment,1
EB104.1,2025-10-01,LV,cntry,environment,1
EB105.2,2026-03-01,LV,cntry,environment,1
EB101.3,2024-04-01,MD,cntry,environment,2
EB102.2,2024-10-01,MD,cntry,environment,2
EB103.3,2025-03-01,MD,cntry,environment,4
EB104.1,2025-10-01,MD,cntry,environment,4
EB105.2,2026-03-01,MD,cntry,environment,2
EB101.3,2024-04-01,ME,cntry,environment,8
EB102.2,2024-10-01,ME,cntry,environment,14.000000000000002
EB103.3,2025-03-01,ME,cntry,environment,8
EB104.1,2025-10-01,ME,cntry,environment,2
EB105.2,2026-03-01,ME,cntry,environment,11
EB101.3,2024-04-01,MK,cntry,environment,3
EB102.2,2024-10-01,MK,cntry,environment,4
EB103.3,2025-03-01,MK,cntry,environment,5
EB104.1,2025-10-01,MK,cntry,environment,4
EB105.2,2026-03-01,MK,cntry,environment,3
EB101.3,2024-04-01,MT,cntry,environment,25
EB102.2,2024-10-01,MT,cntry,environment,21
EB103.3,2025-03-01,MT,cntry,environment,18
EB104.1,2025-10-01,MT,cntry,environment,26
EB105.2,2026-03-01,MT,cntry,environment,14.000000000000002
EB101.3,2024-04-01,NL,cntry,environment,36
EB102.2,2024-10-01,NL,cntry,environment,36
EB103.3,2025-03-01,NL,cntry,environment,22
EB104.1,2025-10-01,NL,cntry,environment,18
EB105.2,2026-03-01,NL,cntry,environment,13
EB101.3,2024-04-01,PL,cntry,environment,9
EB102.2,2024-10-01,PL,cntry,environment,10
EB103.3,2025-03-01,PL,cntry,environment,6
EB104.1,2025-10-01,PL,cntry,environment,6
EB105.2,2026-03-01,PL,cntry,environment,6
EB101.3,2024-04-01,PT,cntry,environment,4
EB102.2,2024-10-01,PT,cntry,environment,5
EB103.3,2025-03-01,PT,cntry,environment,6
EB104.1,2025-10-01,PT,cntry,environment,3
EB105.2,2026-03-01,PT,cntry,environment,2
EB101.3,2024-04-01,RO,cntry,environment,5
EB102.2,2024-10-01,RO,cntry,environment,7.000000000000001
EB103.3,2025-03-01,RO,cntry,environment,7.000000000000001
EB104.1,2025-10-01,RO,cntry,environment,6
EB105.2,2026-03-01,RO,cntry,environment,5
EB101.3,2024-04-01,RS,cntry,environment,7.000000000000001
EB102.2,2024-10-01,RS,cntry,environment,15
EB103.3,2025-03-01,RS,cntry,environment,5
EB104.1,2025-10-01,RS,cntry,environment,5
EB105.2,2026-03-01,RS,cntry,environment,4
EB101.3,2024-04-01,SE,cntry,environment,35
EB102.2,2024-10-01,SE,cntry,environment,35
EB103.3,2025-03-01,SE,cntry,environment,26
EB104.1,2025-10-01,SE,cntry,environment,28.000000000000004
EB105.2,2026-03-01,SE,cntry,environment,26
EB101.3,2024-04-01,SI,cntry,environment,8
EB102.2,2024-10-01,SI,cntry,environment,7.000000000000001
EB103.3,2025-03-01,SI,cntry,environment,5
EB104.1,2025-10-01,SI,cntry,environment,4
EB105.2,2026-03-01,SI,cntry,environment,5
EB101.3,2024-04-01,SK,cntry,environment,6
EB102.2,2024-10-01,SK,cntry,environment,8
EB103.3,2025-03-01,SK,cntry,environment,6
EB104.1,2025-10-01,SK,cntry,environment,4
EB105.2,2026-03-01,SK,cntry,environment,2
EB101.3,2024-04-01,TR,cntry,environment,4
EB102.2,2024-10-01,TR,cntry,environment,2
EB103.3,2025-03-01,TR,cntry,environment,5
EB104.1,2025-10-01,TR,cntry,environment,2
EB105.2,2026-03-01,TR,cntry,environment,3
EB101.3,2024-04-01,UK,cntry,environment,10
EB102.2,2024-10-01,UK,cntry,environment,10
EB103.3,2025-03-01,UK,cntry,environment,4
EB104.1,2025-10-01,UK,cntry,environment,6
EB105.2,2026-03-01,UK,cntry,environment,6
EB101.3,2024-04-01,XK,cntry,environment,2
EB102.2,2024-10-01,XK,cntry,environment,3
EB103.3,2025-03-01,XK,cntry,environment,2
EB104.1,2025-10-01,XK,cntry,environment,3
EB105.2,2026-03-01,XK,cntry,environment,2
EB101.3,2024-04-01,AL,eu,environment,10
EB102.2,2024-10-01,AL,eu,environment,10
EB103.3,2025-03-01,AL,eu,environment,5
EB104.1,2025-10-01,AL,eu,environment,5
EB105.2,2026-03-01,AL,eu,environment,5
EB101.3,2024-04-01,AT,eu,environment,26
EB102.2,2024-10-01,AT,eu,environment,20
EB103.3,2025-03-01,AT,eu,environment,14.000000000000002
EB104.1,2025-10-01,AT,eu,environment,14.000000000000002
EB105.2,2026-03-01,AT,eu,environment,12
EB101.3,2024-04-01,BA,eu,environment,6
EB102.2,2024-10-01,BA,eu,environment,8
EB103.3,2025-03-01,BA,eu,environment,7.000000000000001
EB104.1,2025-10-01,BA,eu,environment,6
EB105.2,2026-03-01,BA,eu,environment,9
EB101.3,2024-04-01,BE,eu,environment,22
EB102.2,2024-10-01,BE,eu,environment,18
EB103.3,2025-03-01,BE,eu,environment,10
EB104.1,2025-10-01,BE,eu,environment,10
EB105.2,2026-03-01,BE,eu,environment,6
EB101.3,2024-04-01,BG,eu,environment,8
EB102.2,2024-10-01,BG,eu,environment,7.000000000000001
EB103.3,2025-03-01,BG,eu,environment,8
EB104.1,2025-10-01,BG,eu,environment,7.000000000000001
EB105.2,2026-03-01,BG,eu,environment,4
EB101.3,2024-04-01,CY,eu,environment,7.000000000000001
EB102.2,2024-10-01,CY,eu,environment,6
EB103.3,2025-03-01,CY,eu,environment,4
EB104.1,2025-10-01,CY,eu,environment,4
EB105.2,2026-03-01,CY,eu,environment,4
EB101.3,2024-04-01,CY(TCC),eu,environment,4
EB102.2,2024-10-01,CY(TCC),eu,environment,5
EB103.3,2025-03-01,CY_TCC,eu,environment,12
EB104.1,2025-10-01,CY_TCC,eu,environment,4
EB105.2,2026-03-01,CY_TCC,eu,environment,8
EB101.3,2024-04-01,CZ,eu,environment,9
EB102.2,2024-10-01,CZ,eu,environment,10
EB103.3,2025-03-01,CZ,eu,environment,4
EB104.1,2025-10-01,CZ,eu,environment,8
EB105.2,2026-03-01,CZ,eu,environment,6
EB101.3,2024-04-01,D-E,eu,environment,12
EB102.2,2024-10-01,D-E,eu,environment,9
EB101.3,2024-04-01,D-W,eu,environment,18
EB102.2,2024-10-01,D-W,eu,environment,12
EB101.3,2024-04-01,DE,eu,environment,17
EB102.2,2024-10-01,DE,eu,environment,11
EB103.3,2025-03-01,DE,eu,environment,8
EB104.1,2025-10-01,DE,eu,environment,9
EB105.2,2026-03-01,DE,eu,environment,8
EB101.3,2024-04-01,DK,eu,environment,33
EB102.2,2024-10-01,DK,eu,environment,38
EB103.3,2025-03-01,DK,eu,environment,17
EB104.1,2025-10-01,DK,eu,environment,18
EB105.2,2026-03-01,DK,eu,environment,14.000000000000002
EB101.3,2024-04-01,EE,eu,environment,6
EB102.2,2024-10-01,EE,eu,environment,6
EB103.3,2025-03-01,EE,eu,environment,4
EB104.1,2025-10-01,EE,eu,environment,5
EB105.2,2026-03-01,EE,eu,environment,4
EB101.3,2024-04-01,EL,eu,environment,13
EB102.2,2024-10-01,EL,eu,environment,12
EB103.3,2025-03-01,EL,eu,environment,9
EB104.1,2025-10-01,EL,eu,environment,9
EB105.2,2026-03-01,EL,eu,environment,6
EB101.3,2024-04-01,ES,eu,environment,11
EB102.2,2024-10-01,ES,eu,environment,8
EB103.3,2025-03-01,ES,eu,environment,5
EB104.1,2025-10-01,ES,eu,environment,4
EB105.2,2026-03-01,ES,eu,environment,3
EB101.3,2024-04-01,EU,eu,environment,16
EB102.2,2024-10-01,EU,eu,environment,15
EB103.3,2025-03-01,EU,eu,environment,10
EB104.1,2025-10-01,EU,eu,environment,9
EB105.2,2026-03-01,EU,eu,environment,8
EB101.3,2024-04-01,FI,eu,environment,20
EB102.2,2024-10-01,FI,eu,environment,25
EB103.3,2025-03-01,FI,eu,environment,10
EB104.1,2025-10-01,FI,eu,environment,14.000000000000002
EB105.2,2026-03-01,FI,eu,environment,11
EB101.3,2024-04-01,FR,eu,environment,19
EB102.2,2024-10-01,FR,eu,environment,17
EB103.3,2025-03-01,FR,eu,environment,12
EB104.1,2025-10-01,FR,eu,environment,11
EB105.2,2026-03-01,FR,eu,environment,8
EB101.3,2024-04-01,GE,eu,environment,11
EB102.2,2024-10-01,GE,eu,environment,9
EB103.3,2025-03-01,GE,eu,environment,7.000000000000001
EB104.1,2025-10-01,GE,eu,environment,6
EB105.2,2026-03-01,GE,eu,environment,5
EB101.3,2024-04-01,HR,eu,environment,11
EB102.2,2024-10-01,HR,eu,environment,11
EB103.3,2025-03-01,HR,eu,environment,10
EB104.1,2025-10-01,HR,eu,environment,8
EB105.2,2026-03-01,HR,eu,environment,5
EB101.3,2024-04-01,HU,eu,environment,15
EB102.2,2024-10-01,HU,eu,environment,14.000000000000002
EB103.3,2025-03-01,HU,eu,environment,10
EB104.1,2025-10-01,HU,eu,environment,11
EB105.2,2026-03-01,HU,eu,environment,7.000000000000001
EB101.3,2024-04-01,IE,eu,environment,18
EB102.2,2024-10-01,IE,eu,environment,18
EB103.3,2025-03-01,IE,eu,environment,7.000000000000001
EB104.1,2025-10-01,IE,eu,environment,9
EB105.2,2026-03-01,IE,eu,environment,6
EB101.3,2024-04-01,IT,eu,environment,14.000000000000002
EB102.2,2024-10-01,IT,eu,environment,16
EB103.3,2025-03-01,IT,eu,environment,12
EB104.1,2025-10-01,IT,eu,environment,10
EB105.2,2026-03-01,IT,eu,environment,10
EB101.3,2024-04-01,LT,eu,environment,8
EB102.2,2024-10-01,LT,eu,environment,7.000000000000001
EB103.3,2025-03-01,LT,eu,environment,5
EB104.1,2025-10-01,LT,eu,environment,5
EB105.2,2026-03-01,LT,eu,environment,3
EB101.3,2024-04-01,LU,eu,environment,13
EB102.2,2024-10-01,LU,eu,environment,11
EB103.3,2025-03-01,LU,eu,environment,7.000000000000001
EB104.1,2025-10-01,LU,eu,environment,9
EB105.2,2026-03-01,LU,eu,environment,8
EB101.3,2024-04-01,LV,eu,environment,5
EB102.2,2024-10-01,LV,eu,environment,5
EB103.3,2025-03-01,LV,eu,environment,3
EB104.1,2025-10-01,LV,eu,environment,5
EB105.2,2026-03-01,LV,eu,environment,1
EB101.3,2024-04-01,MD,eu,environment,6
EB102.2,2024-10-01,MD,eu,environment,6
EB103.3,2025-03-01,MD,eu,environment,4
EB104.1,2025-10-01,MD,eu,environment,4
EB105.2,2026-03-01,MD,eu,environment,3
EB101.3,2024-04-01,ME,eu,environment,10
EB102.2,2024-10-01,ME,eu,environment,11
EB103.3,2025-03-01,ME,eu,environment,6
EB104.1,2025-10-01,ME,eu,environment,3
EB105.2,2026-03-01,ME,eu,environment,12
EB101.3,2024-04-01,MK,eu,environment,5
EB102.2,2024-10-01,MK,eu,environment,7.000000000000001
EB103.3,2025-03-01,MK,eu,environment,6
EB104.1,2025-10-01,MK,eu,environment,6
EB105.2,2026-03-01,MK,eu,environment,4
EB101.3,2024-04-01,MT,eu,environment,13
EB102.2,2024-10-01,MT,eu,environment,15
EB103.3,2025-03-01,MT,eu,environment,9
EB104.1,2025-10-01,MT,eu,environment,10
EB105.2,2026-03-01,MT,eu,environment,7.000000000000001
EB101.3,2024-04-01,NL,eu,environment,35
EB102.2,2024-10-01,NL,eu,environment,35
EB103.3,2025-03-01,NL,eu,environment,14.000000000000002
EB104.1,2025-10-01,NL,eu,environment,16
EB105.2,2026-03-01,NL,eu,environment,10
EB101.3,2024-04-01,PL,eu,environment,10
EB102.2,2024-10-01,PL,eu,environment,12
EB103.3,2025-03-01,PL,eu,environment,7.000000000000001
EB104.1,2025-10-01,PL,eu,environment,7.000000000000001
EB105.2,2026-03-01,PL,eu,environment,7.000000000000001
EB101.3,2024-04-01,PT,eu,environment,9
EB102.2,2024-10-01,PT,eu,environment,11
EB103.3,2025-03-01,PT,eu,environment,10
EB104.1,2025-10-01,PT,eu,environment,7.000000000000001
EB105.2,2026-03-01,PT,eu,environment,5
EB101.3,2024-04-01,RO,eu,environment,10
EB102.2,2024-10-01,RO,eu,environment,10
EB103.3,2025-03-01,RO,eu,environment,9
EB104.1,2025-10-01,RO,eu,environment,8
EB105.2,2026-03-01,RO,eu,environment,5
EB101.3,2024-04-01,RS,eu,environment,7.000000000000001
EB102.2,2024-10-01,RS,eu,environment,11
EB103.3,2025-03-01,RS,eu,environment,8
EB104.1,2025-10-01,RS,eu,environment,7.000000000000001
EB105.2,2026-03-01,RS,eu,environment,7.000000000000001
EB101.3,2024-04-01,SE,eu,environment,49
EB102.2,2024-10-01,SE,eu,environment,43
EB103.3,2025-03-01,SE,eu,environment,25
EB104.1,2025-10-01,SE,eu,environment,26
EB105.2,2026-03-01,SE,eu,environment,21
EB101.3,2024-04-01,SI,eu,environment,12
EB102.2,2024-10-01,SI,eu,environment,10
EB103.3,2025-03-01,SI,eu,environment,6
EB104.1,2025-10-01,SI,eu,environment,5
EB105.2,2026-03-01,SI,eu,environment,4
EB101.3,2024-04-01,SK,eu,environment,9
EB102.2,2024-10-01,SK,eu,environment,8
EB103.3,2025-03-01,SK,eu,environment,9
EB104.1,2025-10-01,SK,eu,environment,8
EB105.2,2026-03-01,SK,eu,environment,4
EB101.3,2024-04-01,TR,eu,environment,13
EB102.2,2024-10-01,TR,eu,environment,8
EB103.3,2025-03-01,TR,eu,environment,8
EB104.1,2025-10-01,TR,eu,environment,6
EB105.2,2026-03-01,TR,eu,environment,4
EB101.3,2024-04-01,UK,eu,environment,12
EB102.2,2024-10-01,UK,eu,environment,14.000000000000002
EB103.3,2025-03-01,UK,eu,environment,5
EB104.1,2025-10-01,UK,eu,environment,7.000000000000001
EB105.2,2026-03-01,UK,eu,environment,5
EB101.3,2024-04-01,XK,eu,environment,5
EB102.2,2024-10-01,XK,eu,environment,4
EB103.3,2025-03-01,XK,eu,environment,5
EB104.1,2025-10-01,XK,eu,environment,7.000000000000001
EB105.2,2026-03-01,XK,eu,environment,4
EB101.3,2024-04-01,AL,pers,environment,3
EB102.2,2024-10-01,AL,pers,environment,2
EB103.3,2025-03-01,AL,pers,environment,2
EB104.1,2025-10-01,AL,pers,environment,2
EB105.2,2026-03-01,AL,pers,environment,4
EB101.3,2024-04-01,AT,pers,environment,12
EB102.2,2024-10-01,AT,pers,environment,9
EB103.3,2025-03-01,AT,pers,environment,9
EB104.1,2025-10-01,AT,pers,environment,7.000000000000001
EB105.2,2026-03-01,AT,pers,environment,7.000000000000001
EB101.3,2024-04-01,BA,pers,environment,3
EB102.2,2024-10-01,BA,pers,environment,5
EB103.3,2025-03-01,BA,pers,environment,6
EB104.1,2025-10-01,BA,pers,environment,6
EB105.2,2026-03-01,BA,pers,environment,8
EB101.3,2024-04-01,BE,pers,environment,14.000000000000002
EB102.2,2024-10-01,BE,pers,environment,12
EB103.3,2025-03-01,BE,pers,environment,12
EB104.1,2025-10-01,BE,pers,environment,9
EB105.2,2026-03-01,BE,pers,environment,7.000000000000001
EB101.3,2024-04-01,BG,pers,environment,5
EB102.2,2024-10-01,BG,pers,environment,4
EB103.3,2025-03-01,BG,pers,environment,6
EB104.1,2025-10-01,BG,pers,environment,8
EB105.2,2026-03-01,BG,pers,environment,5
EB101.3,2024-04-01,CY,pers,environment,4
EB102.2,2024-10-01,CY,pers,environment,5
EB103.3,2025-03-01,CY,pers,environment,6
EB104.1,2025-10-01,CY,pers,environment,5
EB105.2,2026-03-01,CY,pers,environment,3
EB101.3,2024-04-01,CY(TCC),pers,environment,2
EB102.2,2024-10-01,CY(TCC),pers,environment,5
EB103.3,2025-03-01,CY_TCC,pers,environment,7.000000000000001
EB104.1,2025-10-01,CY_TCC,pers,environment,1
EB105.2,2026-03-01,CY_TCC,pers,environment,6
EB101.3,2024-04-01,CZ,pers,environment,8
EB102.2,2024-10-01,CZ,pers,environment,4
EB103.3,2025-03-01,CZ,pers,environment,5
EB104.1,2025-10-01,CZ,pers,environment,5
EB105.2,2026-03-01,CZ,pers,environment,4
EB101.3,2024-04-01,D-E,pers,environment,8
EB102.2,2024-10-01,D-E,pers,environment,7.000000000000001
EB101.3,2024-04-01,D-W,pers,environment,15
EB102.2,2024-10-01,D-W,pers,environment,12
EB101.3,2024-04-01,DE,pers,environment,14.000000000000002
EB102.2,2024-10-01,DE,pers,environment,11
EB103.3,2025-03-01,DE,pers,environment,12
EB104.1,2025-10-01,DE,pers,environment,10
EB105.2,2026-03-01,DE,pers,environment,10
EB101.3,2024-04-01,DK,pers,environment,24
EB102.2,2024-10-01,DK,pers,environment,25
EB103.3,2025-03-01,DK,pers,environment,20
EB104.1,2025-10-01,DK,pers,environment,18
EB105.2,2026-03-01,DK,pers,environment,23
EB101.3,2024-04-01,EE,pers,environment,3
EB102.2,2024-10-01,EE,pers,environment,2
EB103.3,2025-03-01,EE,pers,environment,2
EB104.1,2025-10-01,EE,pers,environment,3
EB105.2,2026-03-01,EE,pers,environment,3
EB101.3,2024-04-01,EL,pers,environment,5
EB102.2,2024-10-01,EL,pers,environment,5
EB103.3,2025-03-01,EL,pers,environment,6
EB104.1,2025-10-01,EL,pers,environment,5
EB105.2,2026-03-01,EL,pers,environment,6
EB101.3,2024-04-01,ES,pers,environment,6
EB102.2,2024-10-01,ES,pers,environment,4
EB103.3,2025-03-01,ES,pers,environment,5
EB104.1,2025-10-01,ES,pers,environment,5
EB105.2,2026-03-01,ES,pers,environment,4
EB101.3,2024-04-01,EU,pers,environment,12
EB102.2,2024-10-01,EU,pers,environment,10
EB103.3,2025-03-01,EU,pers,environment,10
EB104.1,2025-10-01,EU,pers,environment,9
EB105.2,2026-03-01,EU,pers,environment,9
EB101.3,2024-04-01,FI,pers,environment,16
EB102.2,2024-10-01,FI,pers,environment,18
EB103.3,2025-03-01,FI,pers,environment,13
EB104.1,2025-10-01,FI,pers,environment,12
EB105.2,2026-03-01,FI,pers,environment,14.000000000000002
EB101.3,2024-04-01,FR,pers,environment,11
EB102.2,2024-10-01,FR,pers,environment,11
EB103.3,2025-03-01,FR,pers,environment,12
EB104.1,2025-10-01,FR,pers,environment,8
EB105.2,2026-03-01,FR,pers,environment,9
EB101.3,2024-04-01,GE,pers,environment,4
EB102.2,2024-10-01,GE,pers,environment,2
EB103.3,2025-03-01,GE,pers,environment,3
EB104.1,2025-10-01,GE,pers,environment,4
EB105.2,2026-03-01,GE,pers,environment,5
EB101.3,2024-04-01,HR,pers,environment,7.000000000000001
EB102.2,2024-10-01,HR,pers,environment,6
EB103.3,2025-03-01,HR,pers,environment,8
EB104.1,2025-10-01,HR,pers,environment,6
EB105.2,2026-03-01,HR,pers,environment,5
EB101.3,2024-04-01,HU,pers,environment,7.000000000000001
EB102.2,2024-10-01,HU,pers,environment,7.000000000000001
EB103.3,2025-03-01,HU,pers,environment,5
EB104.1,2025-10-01,HU,pers,environment,7.000000000000001
EB105.2,2026-03-01,HU,pers,environment,6
EB101.3,2024-04-01,IE,pers,environment,11
EB102.2,2024-10-01,IE,pers,environment,10
EB103.3,2025-03-01,IE,pers,environment,6
EB104.1,2025-10-01,IE,pers,environment,7.000000000000001
EB105.2,2026-03-01,IE,pers,environment,8
EB101.3,2024-04-01,IT,pers,environment,14.000000000000002
EB102.2,2024-10-01,IT,pers,environment,11
EB103.3,2025-03-01,IT,pers,environment,9
EB104.1,2025-10-01,IT,pers,environment,10
EB105.2,2026-03-01,IT,pers,environment,12
EB101.3,2024-04-01,LT,pers,environment,4
EB102.2,2024-10-01,LT,pers,environment,4
EB103.3,2025-03-01,LT,pers,environment,5
EB104.1,2025-10-01,LT,pers,environment,3
EB105.2,2026-03-01,LT,pers,environment,3
EB101.3,2024-04-01,LU,pers,environment,11
EB102.2,2024-10-01,LU,pers,environment,10
EB103.3,2025-03-01,LU,pers,environment,7.000000000000001
EB104.1,2025-10-01,LU,pers,environment,6
EB105.2,2026-03-01,LU,pers,environment,7.000000000000001
EB101.3,2024-04-01,LV,pers,environment,3
EB102.2,2024-10-01,LV,pers,environment,2
EB103.3,2025-03-01,LV,pers,environment,3
EB104.1,2025-10-01,LV,pers,environment,2
EB105.2,2026-03-01,LV,pers,environment,1
EB101.3,2024-04-01,MD,pers,environment,4
EB102.2,2024-10-01,MD,pers,environment,3
EB103.3,2025-03-01,MD,pers,environment,5
EB104.1,2025-10-01,MD,pers,environment,4
EB105.2,2026-03-01,MD,pers,environment,3
EB101.3,2024-04-01,ME,pers,environment,9
EB102.2,2024-10-01,ME,pers,environment,10
EB103.3,2025-03-01,ME,pers,environment,9
EB104.1,2025-10-01,ME,pers,environment,5
EB105.2,2026-03-01,ME,pers,environment,8
EB101.3,2024-04-01,MK,pers,environment,3
EB102.2,2024-10-01,MK,pers,environment,7.000000000000001
EB103.3,2025-03-01,MK,pers,environment,9
EB104.1,2025-10-01,MK,pers,environment,8
EB105.2,2026-03-01,MK,pers,environment,5
EB101.3,2024-04-01,MT,pers,environment,28.000000000000004
EB102.2,2024-10-01,MT,pers,environment,24
EB103.3,2025-03-01,MT,pers,environment,19
EB104.1,2025-10-01,MT,pers,environment,26
EB105.2,2026-03-01,MT,pers,environment,20
EB101.3,2024-04-01,NL,pers,environment,28.999999999999996
EB102.2,2024-10-01,NL,pers,environment,28.000000000000004
EB103.3,2025-03-01,NL,pers,environment,25
EB104.1,2025-10-01,NL,pers,environment,23
EB105.2,2026-03-01,NL,pers,environment,19
EB101.3,2024-04-01,PL,pers,environment,7.000000000000001
EB102.2,2024-10-01,PL,pers,environment,9
EB103.3,2025-03-01,PL,pers,environment,7.000000000000001
EB104.1,2025-10-01,PL,pers,environment,6
EB105.2,2026-03-01,PL,pers,environment,10
EB101.3,2024-04-01,PT,pers,environment,4
EB102.2,2024-10-01,PT,pers,environment,3
EB103.3,2025-03-01,PT,pers,environment,7.000000000000001
EB104.1,2025-10-01,PT,pers,environment,4
EB105.2,2026-03-01,PT,pers,environment,4
EB101.3,2024-04-01,RO,pers,environment,8
EB102.2,2024-10-01,RO,pers,environment,7.000000000000001
EB103.3,2025-03-01,RO,pers,environment,7.000000000000001
EB104.1,2025-10-01,RO,pers,environment,7.000000000000001
EB105.2,2026-03-01,RO,pers,environment,4
EB101.3,2024-04-01,RS,pers,environment,11
EB102.2,2024-10-01,RS,pers,environment,10
EB103.3,2025-03-01,RS,pers,environment,10
EB104.1,2025-10-01,RS,pers,environment,11
EB105.2,2026-03-01,RS,pers,environment,10
EB101.3,2024-04-01,SE,pers,environment,32
EB102.2,2024-10-01,SE,pers,environment,32
EB103.3,2025-03-01,SE,pers,environment,30
EB104.1,2025-10-01,SE,pers,environment,30
EB105.2,2026-03-01,SE,pers,environment,30
EB101.3,2024-04-01,SI,pers,environment,9
EB102.2,2024-10-01,SI,pers,environment,6
EB103.3,2025-03-01,SI,pers,environment,5
EB104.1,2025-10-01,SI,pers,environment,5
EB105.2,2026-03-01,SI,pers,environment,5
EB101.3,2024-04-01,SK,pers,environment,8
EB102.2,2024-10-01,SK,pers,environment,9
EB103.3,2025-03-01,SK,pers,environment,6
EB104.1,2025-10-01,SK,pers,environment,6
EB105.2,2026-03-01,SK,pers,environment,4
EB101.3,2024-04-01,TR,pers,environment,4
EB102.2,2024-10-01,TR,pers,environment,3
EB103.3,2025-03-01,TR,pers,environment,6
EB104.1,2025-10-01,TR,pers,environment,4
EB105.2,2026-03-01,TR,pers,environment,4
EB101.3,2024-04-01,UK,pers,environment,11
EB102.2,2024-10-01,UK,pers,environment,10
EB103.3,2025-03-01,UK,pers,environment,7.000000000000001
EB104.1,2025-10-01,UK,pers,environment,7.000000000000001
EB105.2,2026-03-01,UK,pers,environment,8
EB101.3,2024-04-01,XK,pers,environment,2
EB102.2,2024-10-01,XK,pers,environment,4
EB103.3,2025-03-01,XK,pers,environment,4
EB104.1,2025-10-01,XK,pers,environment,3
EB105.2,2026-03-01,XK,pers,environment,2
EB101.3,2024-04-01,AL,cntry,immigration,24
EB102.2,2024-10-01,AL,cntry,immigration,21
EB103.3,2025-03-01,AL,cntry,immigration,20
EB104.1,2025-10-01,AL,cntry,immigration,18
EB105.2,2026-03-01,AL,cntry,immigration,16
EB101.3,2024-04-01,AT,cntry,immigration,20
EB102.2,2024-10-01,AT,cntry,immigration,24
EB103.3,2025-03-01,AT,cntry,immigration,17
EB104.1,2025-10-01,AT,cntry,immigration,16
EB105.2,2026-03-01,AT,cntry,immigration,14.000000000000002
EB101.3,2024-04-01,BA,cntry,immigration,9
EB102.2,2024-10-01,BA,cntry,immigration,20
EB103.3,2025-03-01,BA,cntry,immigration,5
EB104.1,2025-10-01,BA,cntry,immigration,8
EB105.2,2026-03-01,BA,cntry,immigration,9
EB101.3,2024-04-01,BE,cntry,immigration,18
EB102.2,2024-10-01,BE,cntry,immigration,20
EB103.3,2025-03-01,BE,cntry,immigration,16
EB104.1,2025-10-01,BE,cntry,immigration,18
EB105.2,2026-03-01,BE,cntry,immigration,16
EB101.3,2024-04-01,BG,cntry,immigration,12
EB102.2,2024-10-01,BG,cntry,immigration,8
EB103.3,2025-03-01,BG,cntry,immigration,5
EB104.1,2025-10-01,BG,cntry,immigration,5
EB105.2,2026-03-01,BG,cntry,immigration,3
EB101.3,2024-04-01,CY,cntry,immigration,59
EB102.2,2024-10-01,CY,cntry,immigration,50
EB103.3,2025-03-01,CY,cntry,immigration,32
EB104.1,2025-10-01,CY,cntry,immigration,35
EB105.2,2026-03-01,CY,cntry,immigration,23
EB101.3,2024-04-01,CY(TCC),cntry,immigration,9
EB102.2,2024-10-01,CY(TCC),cntry,immigration,13
EB103.3,2025-03-01,CY_TCC,cntry,immigration,9
EB104.1,2025-10-01,CY_TCC,cntry,immigration,11
EB105.2,2026-03-01,CY_TCC,cntry,immigration,6
EB101.3,2024-04-01,CZ,cntry,immigration,14.000000000000002
EB102.2,2024-10-01,CZ,cntry,immigration,15
EB103.3,2025-03-01,CZ,cntry,immigration,11
EB104.1,2025-10-01,CZ,cntry,immigration,13
EB105.2,2026-03-01,CZ,cntry,immigration,10
EB101.3,2024-04-01,D-E,cntry,immigration,27
EB102.2,2024-10-01,D-E,cntry,immigration,37
EB101.3,2024-04-01,D-W,cntry,immigration,31
EB102.2,2024-10-01,D-W,cntry,immigration,34
EB101.3,2024-04-01,DE,cntry,immigration,30
EB102.2,2024-10-01,DE,cntry,immigration,35
EB103.3,2025-03-01,DE,cntry,immigration,23
EB104.1,2025-10-01,DE,cntry,immigration,19
EB105.2,2026-03-01,DE,cntry,immigration,14.000000000000002
EB101.3,2024-04-01,DK,cntry,immigration,7.000000000000001
EB102.2,2024-10-01,DK,cntry,immigration,12
EB103.3,2025-03-01,DK,cntry,immigration,6
EB104.1,2025-10-01,DK,cntry,immigration,10
EB105.2,2026-03-01,DK,cntry,immigration,10
EB101.3,2024-04-01,EE,cntry,immigration,8
EB102.2,2024-10-01,EE,cntry,immigration,6
EB103.3,2025-03-01,EE,cntry,immigration,5
EB104.1,2025-10-01,EE,cntry,immigration,4
EB105.2,2026-03-01,EE,cntry,immigration,4
EB101.3,2024-04-01,EL,cntry,immigration,8
EB102.2,2024-10-01,EL,cntry,immigration,14.000000000000002
EB103.3,2025-03-01,EL,cntry,immigration,10
EB104.1,2025-10-01,EL,cntry,immigration,15
EB105.2,2026-03-01,EL,cntry,immigration,11
EB101.3,2024-04-01,ES,cntry,immigration,14.000000000000002
EB102.2,2024-10-01,ES,cntry,immigration,21
EB103.3,2025-03-01,ES,cntry,immigration,16
EB104.1,2025-10-01,ES,cntry,immigration,17
EB105.2,2026-03-01,ES,cntry,immigration,11
EB101.3,2024-04-01,EU,cntry,immigration,16
EB102.2,2024-10-01,EU,cntry,immigration,20
EB103.3,2025-03-01,EU,cntry,immigration,14.000000000000002
EB104.1,2025-10-01,EU,cntry,immigration,15
EB105.2,2026-03-01,EU,cntry,immigration,11
EB101.3,2024-04-01,FI,cntry,immigration,6
EB102.2,2024-10-01,FI,cntry,immigration,8
EB103.3,2025-03-01,FI,cntry,immigration,4
EB104.1,2025-10-01,FI,cntry,immigration,9
EB105.2,2026-03-01,FI,cntry,immigration,7.000000000000001
EB101.3,2024-04-01,FR,cntry,immigration,13
EB102.2,2024-10-01,FR,cntry,immigration,17
EB103.3,2025-03-01,FR,cntry,immigration,14.000000000000002
EB104.1,2025-10-01,FR,cntry,immigration,11
EB105.2,2026-03-01,FR,cntry,immigration,10
EB101.3,2024-04-01,GE,cntry,immigration,15
EB102.2,2024-10-01,GE,cntry,immigration,18
EB103.3,2025-03-01,GE,cntry,immigration,14.000000000000002
EB104.1,2025-10-01,GE,cntry,immigration,18
EB105.2,2026-03-01,GE,cntry,immigration,16
EB101.3,2024-04-01,HR,cntry,immigration,10
EB102.2,2024-10-01,HR,cntry,immigration,8
EB103.3,2025-03-01,HR,cntry,immigration,8
EB104.1,2025-10-01,HR,cntry,immigration,10
EB105.2,2026-03-01,HR,cntry,immigration,6
EB101.3,2024-04-01,HU,cntry,immigration,10
EB102.2,2024-10-01,HU,cntry,immigration,9
EB103.3,2025-03-01,HU,cntry,immigration,5
EB104.1,2025-10-01,HU,cntry,immigration,6
EB105.2,2026-03-01,HU,cntry,immigration,6
EB101.3,2024-04-01,IE,cntry,immigration,20
EB102.2,2024-10-01,IE,cntry,immigration,22
EB103.3,2025-03-01,IE,cntry,immigration,18
EB104.1,2025-10-01,IE,cntry,immigration,26
EB105.2,2026-03-01,IE,cntry,immigration,14.000000000000002
EB101.3,2024-04-01,IT,cntry,immigration,12
EB102.2,2024-10-01,IT,cntry,immigration,15
EB103.3,2025-03-01,IT,cntry,immigration,12
EB104.1,2025-10-01,IT,cntry,immigration,16
EB105.2,2026-03-01,IT,cntry,immigration,13
EB101.3,2024-04-01,LT,cntry,immigration,6
EB102.2,2024-10-01,LT,cntry,immigration,10
EB103.3,2025-03-01,LT,cntry,immigration,4
EB104.1,2025-10-01,LT,cntry,immigration,7.000000000000001
EB105.2,2026-03-01,LT,cntry,immigration,7.000000000000001
EB101.3,2024-04-01,LU,cntry,immigration,11
EB102.2,2024-10-01,LU,cntry,immigration,14.000000000000002
EB103.3,2025-03-01,LU,cntry,immigration,9
EB104.1,2025-10-01,LU,cntry,immigration,12
EB105.2,2026-03-01,LU,cntry,immigration,8
EB101.3,2024-04-01,LV,cntry,immigration,4
EB102.2,2024-10-01,LV,cntry,immigration,5
EB103.3,2025-03-01,LV,cntry,immigration,5
EB104.1,2025-10-01,LV,cntry,immigration,7.000000000000001
EB105.2,2026-03-01,LV,cntry,immigration,8
EB101.3,2024-04-01,MD,cntry,immigration,17
EB102.2,2024-10-01,MD,cntry,immigration,18
EB103.3,2025-03-01,MD,cntry,immigration,14.000000000000002
EB104.1,2025-10-01,MD,cntry,immigration,15
EB105.2,2026-03-01,MD,cntry,immigration,14.000000000000002
EB101.3,2024-04-01,ME,cntry,immigration,9
EB102.2,2024-10-01,ME,cntry,immigration,10
EB103.3,2025-03-01,ME,cntry,immigration,13
EB104.1,2025-10-01,ME,cntry,immigration,5
EB105.2,2026-03-01,ME,cntry,immigration,14.000000000000002
EB101.3,2024-04-01,MK,cntry,immigration,19
EB102.2,2024-10-01,MK,cntry,immigration,25
EB103.3,2025-03-01,MK,cntry,immigration,20
EB104.1,2025-10-01,MK,cntry,immigration,22
EB105.2,2026-03-01,MK,cntry,immigration,20
EB101.3,2024-04-01,MT,cntry,immigration,28.999999999999996
EB102.2,2024-10-01,MT,cntry,immigration,31
EB103.3,2025-03-01,MT,cntry,immigration,20
EB104.1,2025-10-01,MT,cntry,immigration,30
EB105.2,2026-03-01,MT,cntry,immigration,28.999999999999996
EB101.3,2024-04-01,NL,cntry,immigration,34
EB102.2,2024-10-01,NL,cntry,immigration,37
EB103.3,2025-03-01,NL,cntry,immigration,18
EB104.1,2025-10-01,NL,cntry,immigration,28.999999999999996
EB105.2,2026-03-01,NL,cntry,immigration,20
EB101.3,2024-04-01,PL,cntry,immigration,9
EB102.2,2024-10-01,PL,cntry,immigration,14.000000000000002
EB103.3,2025-03-01,PL,cntry,immigration,11
EB104.1,2025-10-01,PL,cntry,immigration,11
EB105.2,2026-03-01,PL,cntry,immigration,5
EB101.3,2024-04-01,PT,cntry,immigration,6
EB102.2,2024-10-01,PT,cntry,immigration,10
EB103.3,2025-03-01,PT,cntry,immigration,10
EB104.1,2025-10-01,PT,cntry,immigration,18
EB105.2,2026-03-01,PT,cntry,immigration,11
EB101.3,2024-04-01,RO,cntry,immigration,5
EB102.2,2024-10-01,RO,cntry,immigration,5
EB103.3,2025-03-01,RO,cntry,immigration,5
EB104.1,2025-10-01,RO,cntry,immigration,3
EB105.2,2026-03-01,RO,cntry,immigration,2
EB101.3,2024-04-01,RS,cntry,immigration,8
EB102.2,2024-10-01,RS,cntry,immigration,10
EB103.3,2025-03-01,RS,cntry,immigration,4
EB104.1,2025-10-01,RS,cntry,immigration,6
EB105.2,2026-03-01,RS,cntry,immigration,7.000000000000001
EB101.3,2024-04-01,SE,cntry,immigration,8
EB102.2,2024-10-01,SE,cntry,immigration,9
EB103.3,2025-03-01,SE,cntry,immigration,7.000000000000001
EB104.1,2025-10-01,SE,cntry,immigration,9
EB105.2,2026-03-01,SE,cntry,immigration,7.000000000000001
EB101.3,2024-04-01,SI,cntry,immigration,27
EB102.2,2024-10-01,SI,cntry,immigration,16
EB103.3,2025-03-01,SI,cntry,immigration,11
EB104.1,2025-10-01,SI,cntry,immigration,10
EB105.2,2026-03-01,SI,cntry,immigration,11
EB101.3,2024-04-01,SK,cntry,immigration,6
EB102.2,2024-10-01,SK,cntry,immigration,7.000000000000001
EB103.3,2025-03-01,SK,cntry,immigration,4
EB104.1,2025-10-01,SK,cntry,immigration,5
EB105.2,2026-03-01,SK,cntry,immigration,5
EB101.3,2024-04-01,TR,cntry,immigration,22
EB102.2,2024-10-01,TR,cntry,immigration,23
EB103.3,2025-03-01,TR,cntry,immigration,6
EB104.1,2025-10-01,TR,cntry,immigration,10
EB105.2,2026-03-01,TR,cntry,immigration,5
EB101.3,2024-04-01,UK,cntry,immigration,19
EB102.2,2024-10-01,UK,cntry,immigration,25
EB103.3,2025-03-01,UK,cntry,immigration,20
EB104.1,2025-10-01,UK,cntry,immigration,30
EB105.2,2026-03-01,UK,cntry,immigration,24
EB101.3,2024-04-01,XK,cntry,immigration,13
EB102.2,2024-10-01,XK,cntry,immigration,13
EB103.3,2025-03-01,XK,cntry,immigration,14.000000000000002
EB104.1,2025-10-01,XK,cntry,immigration,9
EB105.2,2026-03-01,XK,cntry,immigration,5
EB101.3,2024-04-01,AL,eu,immigration,18
EB102.2,2024-10-01,AL,eu,immigration,20
EB103.3,2025-03-01,AL,eu,immigration,10
EB104.1,2025-10-01,AL,eu,immigration,15
EB105.2,2026-03-01,AL,eu,immigration,8
EB101.3,2024-04-01,AT,eu,immigration,22
EB102.2,2024-10-01,AT,eu,immigration,28.999999999999996
EB103.3,2025-03-01,AT,eu,immigration,20
EB104.1,2025-10-01,AT,eu,immigration,23
EB105.2,2026-03-01,AT,eu,immigration,13
EB101.3,2024-04-01,BA,eu,immigration,9
EB102.2,2024-10-01,BA,eu,immigration,9
EB103.3,2025-03-01,BA,eu,immigration,11
EB104.1,2025-10-01,BA,eu,immigration,11
EB105.2,2026-03-01,BA,eu,immigration,10
EB101.3,2024-04-01,BE,eu,immigration,26
EB102.2,2024-10-01,BE,eu,immigration,32
EB103.3,2025-03-01,BE,eu,immigration,19
EB104.1,2025-10-01,BE,eu,immigration,22
EB105.2,2026-03-01,BE,eu,immigration,18
EB101.3,2024-04-01,BG,eu,immigration,32
EB102.2,2024-10-01,BG,eu,immigration,32
EB103.3,2025-03-01,BG,eu,immigration,26
EB104.1,2025-10-01,BG,eu,immigration,22
EB105.2,2026-03-01,BG,eu,immigration,19
EB101.3,2024-04-01,CY,eu,immigration,52
EB102.2,2024-10-01,CY,eu,immigration,50
EB103.3,2025-03-01,CY,eu,immigration,42
EB104.1,2025-10-01,CY,eu,immigration,45
EB105.2,2026-03-01,CY,eu,immigration,26
EB101.3,2024-04-01,CY(TCC),eu,immigration,14.000000000000002
EB102.2,2024-10-01,CY(TCC),eu,immigration,28.000000000000004
EB103.3,2025-03-01,CY_TCC,eu,immigration,16
EB104.1,2025-10-01,CY_TCC,eu,immigration,28.000000000000004
EB105.2,2026-03-01,CY_TCC,eu,immigration,10
EB101.3,2024-04-01,CZ,eu,immigration,33
EB102.2,2024-10-01,CZ,eu,immigration,28.999999999999996
EB103.3,2025-03-01,CZ,eu,immigration,20
EB104.1,2025-10-01,CZ,eu,immigration,23
EB105.2,2026-03-01,CZ,eu,immigration,15
EB101.3,2024-04-01,D-E,eu,immigration,35
EB102.2,2024-10-01,D-E,eu,immigration,41
EB101.3,2024-04-01,D-W,eu,immigration,37
EB102.2,2024-10-01,D-W,eu,immigration,36
EB101.3,2024-04-01,DE,eu,immigration,36
EB102.2,2024-10-01,DE,eu,immigration,37
EB103.3,2025-03-01,DE,eu,immigration,27
EB104.1,2025-10-01,DE,eu,immigration,22
EB105.2,2026-03-01,DE,eu,immigration,14.000000000000002
EB101.3,2024-04-01,DK,eu,immigration,19
EB102.2,2024-10-01,DK,eu,immigration,23
EB103.3,2025-03-01,DK,eu,immigration,7.000000000000001
EB104.1,2025-10-01,DK,eu,immigration,13
EB105.2,2026-03-01,DK,eu,immigration,11
EB101.3,2024-04-01,EE,eu,immigration,15
EB102.2,2024-10-01,EE,eu,immigration,18
EB103.3,2025-03-01,EE,eu,immigration,10
EB104.1,2025-10-01,EE,eu,immigration,13
EB105.2,2026-03-01,EE,eu,immigration,10
EB101.3,2024-04-01,EL,eu,immigration,22
EB102.2,2024-10-01,EL,eu,immigration,30
EB103.3,2025-03-01,EL,eu,immigration,22
EB104.1,2025-10-01,EL,eu,immigration,26
EB105.2,2026-03-01,EL,eu,immigration,16
EB101.3,2024-04-01,ES,eu,immigration,21
EB102.2,2024-10-01,ES,eu,immigration,34
EB103.3,2025-03-01,ES,eu,immigration,15
EB104.1,2025-10-01,ES,eu,immigration,21
EB105.2,2026-03-01,ES,eu,immigration,16
EB101.3,2024-04-01,EU,eu,immigration,24
EB102.2,2024-10-01,EU,eu,immigration,28.000000000000004
EB103.3,2025-03-01,EU,eu,immigration,18
EB104.1,2025-10-01,EU,eu,immigration,20
EB105.2,2026-03-01,EU,eu,immigration,14.000000000000002
EB101.3,2024-04-01,FI,eu,immigration,13
EB102.2,2024-10-01,FI,eu,immigration,17
EB103.3,2025-03-01,FI,eu,immigration,11
EB104.1,2025-10-01,FI,eu,immigration,13
EB105.2,2026-03-01,FI,eu,immigration,13
EB101.3,2024-04-01,FR,eu,immigration,19
EB102.2,2024-10-01,FR,eu,immigration,26
EB103.3,2025-03-01,FR,eu,immigration,15
EB104.1,2025-10-01,FR,eu,immigration,15
EB105.2,2026-03-01,FR,eu,immigration,12
EB101.3,2024-04-01,GE,eu,immigration,14.000000000000002
EB102.2,2024-10-01,GE,eu,immigration,15
EB103.3,2025-03-01,GE,eu,immigration,15
EB104.1,2025-10-01,GE,eu,immigration,18
EB105.2,2026-03-01,GE,eu,immigration,14.000000000000002
EB101.3,2024-04-01,HR,eu,immigration,23
EB102.2,2024-10-01,HR,eu,immigration,19
EB103.3,2025-03-01,HR,eu,immigration,12
EB104.1,2025-10-01,HR,eu,immigration,16
EB105.2,2026-03-01,HR,eu,immigration,13
EB101.3,2024-04-01,HU,eu,immigration,24
EB102.2,2024-10-01,HU,eu,immigration,26
EB103.3,2025-03-01,HU,eu,immigration,23
EB104.1,2025-10-01,HU,eu,immigration,22
EB105.2,2026-03-01,HU,eu,immigration,19
EB101.3,2024-04-01,IE,eu,immigration,35
EB102.2,2024-10-01,IE,eu,immigration,33
EB103.3,2025-03-01,IE,eu,immigration,26
EB104.1,2025-10-01,IE,eu,immigration,35
EB105.2,2026-03-01,IE,eu,immigration,18
EB101.3,2024-04-01,IT,eu,immigration,16
EB102.2,2024-10-01,IT,eu,immigration,17
EB103.3,2025-03-01,IT,eu,immigration,15
EB104.1,2025-10-01,IT,eu,immigration,16
EB105.2,2026-03-01,IT,eu,immigration,13
EB101.3,2024-04-01,LT,eu,immigration,17
EB102.2,2024-10-01,LT,eu,immigration,21
EB103.3,2025-03-01,LT,eu,immigration,14.000000000000002
EB104.1,2025-10-01,LT,eu,immigration,21
EB105.2,2026-03-01,LT,eu,immigration,14.000000000000002
EB101.3,2024-04-01,LU,eu,immigration,24
EB102.2,2024-10-01,LU,eu,immigration,24
EB103.3,2025-03-01,LU,eu,immigration,14.000000000000002
EB104.1,2025-10-01,LU,eu,immigration,24
EB105.2,2026-03-01,LU,eu,immigration,17
EB101.3,2024-04-01,LV,eu,immigration,22
EB102.2,2024-10-01,LV,eu,immigration,26
EB103.3,2025-03-01,LV,eu,immigration,18
EB104.1,2025-10-01,LV,eu,immigration,27
EB105.2,2026-03-01,LV,eu,immigration,24
EB101.3,2024-04-01,MD,eu,immigration,15
EB102.2,2024-10-01,MD,eu,immigration,19
EB103.3,2025-03-01,MD,eu,immigration,19
EB104.1,2025-10-01,MD,eu,immigration,22
EB105.2,2026-03-01,MD,eu,immigration,15
EB101.3,2024-04-01,ME,eu,immigration,9
EB102.2,2024-10-01,ME,eu,immigration,10
EB103.3,2025-03-01,ME,eu,immigration,8
EB104.1,2025-10-01,ME,eu,immigration,16
EB105.2,2026-03-01,ME,eu,immigration,11
EB101.3,2024-04-01,MK,eu,immigration,12
EB102.2,2024-10-01,MK,eu,immigration,15
EB103.3,2025-03-01,MK,eu,immigration,11
EB104.1,2025-10-01,MK,eu,immigration,16
EB105.2,2026-03-01,MK,eu,immigration,12
EB101.3,2024-04-01,MT,eu,immigration,31
EB102.2,2024-10-01,MT,eu,immigration,24
EB103.3,2025-03-01,MT,eu,immigration,16
EB104.1,2025-10-01,MT,eu,immigration,25
EB105.2,2026-03-01,MT,eu,immigration,20
EB101.3,2024-04-01,NL,eu,immigration,40
EB102.2,2024-10-01,NL,eu,immigration,45
EB103.3,2025-03-01,NL,eu,immigration,17
EB104.1,2025-10-01,NL,eu,immigration,28.000000000000004
EB105.2,2026-03-01,NL,eu,immigration,18
EB101.3,2024-04-01,PL,eu,immigration,23
EB102.2,2024-10-01,PL,eu,immigration,25
EB103.3,2025-03-01,PL,eu,immigration,19
EB104.1,2025-10-01,PL,eu,immigration,24
EB105.2,2026-03-01,PL,eu,immigration,14.000000000000002
EB101.3,2024-04-01,PT,eu,immigration,17
EB102.2,2024-10-01,PT,eu,immigration,19
EB103.3,2025-03-01,PT,eu,immigration,18
EB104.1,2025-10-01,PT,eu,immigration,24
EB105.2,2026-03-01,PT,eu,immigration,13
EB101.3,2024-04-01,RO,eu,immigration,11
EB102.2,2024-10-01,RO,eu,immigration,15
EB103.3,2025-03-01,RO,eu,immigration,8
EB104.1,2025-10-01,RO,eu,immigration,11
EB105.2,2026-03-01,RO,eu,immigration,9
EB101.3,2024-04-01,RS,eu,immigration,12
EB102.2,2024-10-01,RS,eu,immigration,17
EB103.3,2025-03-01,RS,eu,immigration,12
EB104.1,2025-10-01,RS,eu,immigration,16
EB105.2,2026-03-01,RS,eu,immigration,11
EB101.3,2024-04-01,SE,eu,immigration,11
EB102.2,2024-10-01,SE,eu,immigration,14.000000000000002
EB103.3,2025-03-01,SE,eu,immigration,5
EB104.1,2025-10-01,SE,eu,immigration,7.000000000000001
EB105.2,2026-03-01,SE,eu,immigration,5
EB101.3,2024-04-01,SI,eu,immigration,33
EB102.2,2024-10-01,SI,eu,immigration,32
EB103.3,2025-03-01,SI,eu,immigration,16
EB104.1,2025-10-01,SI,eu,immigration,19
EB105.2,2026-03-01,SI,eu,immigration,18
EB101.3,2024-04-01,SK,eu,immigration,13
EB102.2,2024-10-01,SK,eu,immigration,15
EB103.3,2025-03-01,SK,eu,immigration,13
EB104.1,2025-10-01,SK,eu,immigration,16
EB105.2,2026-03-01,SK,eu,immigration,13
EB101.3,2024-04-01,TR,eu,immigration,27
EB102.2,2024-10-01,TR,eu,immigration,21
EB103.3,2025-03-01,TR,eu,immigration,12
EB104.1,2025-10-01,TR,eu,immigration,4
EB105.2,2026-03-01,TR,eu,immigration,8
EB101.3,2024-04-01,UK,eu,immigration,21
EB102.2,2024-10-01,UK,eu,immigration,30
EB103.3,2025-03-01,UK,eu,immigration,22
EB104.1,2025-10-01,UK,eu,immigration,25
EB105.2,2026-03-01,UK,eu,immigration,19
EB101.3,2024-04-01,XK,eu,immigration,11
EB102.2,2024-10-01,XK,eu,immigration,9
EB103.3,2025-03-01,XK,eu,immigration,8
EB104.1,2025-10-01,XK,eu,immigration,4
EB105.2,2026-03-01,XK,eu,immigration,6
EB101.3,2024-04-01,AL,pers,immigration,10
EB102.2,2024-10-01,AL,pers,immigration,12
EB103.3,2025-03-01,AL,pers,immigration,12
EB104.1,2025-10-01,AL,pers,immigration,6
EB105.2,2026-03-01,AL,pers,immigration,10
EB101.3,2024-04-01,AT,pers,immigration,5
EB102.2,2024-10-01,AT,pers,immigration,5
EB103.3,2025-03-01,AT,pers,immigration,6
EB104.1,2025-10-01,AT,pers,immigration,3
EB105.2,2026-03-01,AT,pers,immigration,4
EB101.3,2024-04-01,BA,pers,immigration,1
EB102.2,2024-10-01,BA,pers,immigration,2
EB103.3,2025-03-01,BA,pers,immigration,2
EB104.1,2025-10-01,BA,pers,immigration,3
EB105.2,2026-03-01,BA,pers,immigration,5
EB101.3,2024-04-01,BE,pers,immigration,6
EB102.2,2024-10-01,BE,pers,immigration,8
EB103.3,2025-03-01,BE,pers,immigration,7.000000000000001
EB104.1,2025-10-01,BE,pers,immigration,8
EB105.2,2026-03-01,BE,pers,immigration,8
EB101.3,2024-04-01,BG,pers,immigration,4
EB102.2,2024-10-01,BG,pers,immigration,3
EB103.3,2025-03-01,BG,pers,immigration,2
EB104.1,2025-10-01,BG,pers,immigration,2
EB105.2,2026-03-01,BG,pers,immigration,2
EB101.3,2024-04-01,CY,pers,immigration,25
EB102.2,2024-10-01,CY,pers,immigration,15
EB103.3,2025-03-01,CY,pers,immigration,11
EB104.1,2025-10-01,CY,pers,immigration,13
EB105.2,2026-03-01,CY,pers,immigration,13
EB101.3,2024-04-01,CY(TCC),pers,immigration,6
EB102.2,2024-10-01,CY(TCC),pers,immigration,5
EB103.3,2025-03-01,CY_TCC,pers,immigration,8
EB104.1,2025-10-01,CY_TCC,pers,immigration,8
EB105.2,2026-03-01,CY_TCC,pers,immigration,5
EB101.3,2024-04-01,CZ,pers,immigration,4
EB102.2,2024-10-01,CZ,pers,immigration,6
EB103.3,2025-03-01,CZ,pers,immigration,3
EB104.1,2025-10-01,CZ,pers,immigration,5
EB105.2,2026-03-01,CZ,pers,immigration,2
EB101.3,2024-04-01,D-E,pers,immigration,7.000000000000001
EB102.2,2024-10-01,D-E,pers,immigration,8
EB101.3,2024-04-01,D-W,pers,immigration,9
EB102.2,2024-10-01,D-W,pers,immigration,10
EB101.3,2024-04-01,DE,pers,immigration,8
EB102.2,2024-10-01,DE,pers,immigration,9
EB103.3,2025-03-01,DE,pers,immigration,7.000000000000001
EB104.1,2025-10-01,DE,pers,immigration,6
EB105.2,2026-03-01,DE,pers,immigration,6
EB101.3,2024-04-01,DK,pers,immigration,2
EB102.2,2024-10-01,DK,pers,immigration,4
EB103.3,2025-03-01,DK,pers,immigration,2
EB104.1,2025-10-01,DK,pers,immigration,3
EB105.2,2026-03-01,DK,pers,immigration,5
EB101.3,2024-04-01,EE,pers,immigration,3
EB102.2,2024-10-01,EE,pers,immigration,3
EB103.3,2025-03-01,EE,pers,immigration,2
EB104.1,2025-10-01,EE,pers,immigration,3
EB105.2,2026-03-01,EE,pers,immigration,3
EB101.3,2024-04-01,EL,pers,immigration,2
EB102.2,2024-10-01,EL,pers,immigration,2
EB103.3,2025-03-01,EL,pers,immigration,4
EB104.1,2025-10-01,EL,pers,immigration,3
EB105.2,2026-03-01,EL,pers,immigration,3
EB101.3,2024-04-01,ES,pers,immigration,6
EB102.2,2024-10-01,ES,pers,immigration,7.000000000000001
EB103.3,2025-03-01,ES,pers,immigration,5
EB104.1,2025-10-01,ES,pers,immigration,6
EB105.2,2026-03-01,ES,pers,immigration,4
EB101.3,2024-04-01,EU,pers,immigration,6
EB102.2,2024-10-01,EU,pers,immigration,6
EB103.3,2025-03-01,EU,pers,immigration,5
EB104.1,2025-10-01,EU,pers,immigration,6
EB105.2,2026-03-01,EU,pers,immigration,5
EB101.3,2024-04-01,FI,pers,immigration,2
EB102.2,2024-10-01,FI,pers,immigration,3
EB103.3,2025-03-01,FI,pers,immigration,2
EB104.1,2025-10-01,FI,pers,immigration,2
EB105.2,2026-03-01,FI,pers,immigration,3
EB101.3,2024-04-01,FR,pers,immigration,4
EB102.2,2024-10-01,FR,pers,immigration,4
EB103.3,2025-03-01,FR,pers,immigration,5
EB104.1,2025-10-01,FR,pers,immigration,4
EB105.2,2026-03-01,FR,pers,immigration,3
EB101.3,2024-04-01,GE,pers,immigration,4
EB102.2,2024-10-01,GE,pers,immigration,5
EB103.3,2025-03-01,GE,pers,immigration,4
EB104.1,2025-10-01,GE,pers,immigration,5
EB105.2,2026-03-01,GE,pers,immigration,4
EB101.3,2024-04-01,HR,pers,immigration,1
EB102.2,2024-10-01,HR,pers,immigration,2
EB103.3,2025-03-01,HR,pers,immigration,3
EB104.1,2025-10-01,HR,pers,immigration,3
EB105.2,2026-03-01,HR,pers,immigration,3
EB101.3,2024-04-01,HU,pers,immigration,4
EB102.2,2024-10-01,HU,pers,immigration,5
EB103.3,2025-03-01,HU,pers,immigration,3
EB104.1,2025-10-01,HU,pers,immigration,4
EB105.2,2026-03-01,HU,pers,immigration,4
EB101.3,2024-04-01,IE,pers,immigration,5
EB102.2,2024-10-01,IE,pers,immigration,7.000000000000001
EB103.3,2025-03-01,IE,pers,immigration,6
EB104.1,2025-10-01,IE,pers,immigration,8
EB105.2,2026-03-01,IE,pers,immigration,4
EB101.3,2024-04-01,IT,pers,immigration,8
EB102.2,2024-10-01,IT,pers,immigration,8
EB103.3,2025-03-01,IT,pers,immigration,7.000000000000001
EB104.1,2025-10-01,IT,pers,immigration,11
EB105.2,2026-03-01,IT,pers,immigration,8
EB101.3,2024-04-01,LT,pers,immigration,1
EB102.2,2024-10-01,LT,pers,immigration,3
EB103.3,2025-03-01,LT,pers,immigration,1
EB104.1,2025-10-01,LT,pers,immigration,3
EB105.2,2026-03-01,LT,pers,immigration,3
EB101.3,2024-04-01,LU,pers,immigration,5
EB102.2,2024-10-01,LU,pers,immigration,8
EB103.3,2025-03-01,LU,pers,immigration,5
EB104.1,2025-10-01,LU,pers,immigration,6
EB105.2,2026-03-01,LU,pers,immigration,5
EB102.2,2024-10-01,LV,pers,immigration,1
EB103.3,2025-03-01,LV,pers,immigration,1
EB104.1,2025-10-01,LV,pers,immigration,2
EB105.2,2026-03-01,LV,pers,immigration,2
EB101.3,2024-04-01,MD,pers,immigration,4
EB102.2,2024-10-01,MD,pers,immigration,5
EB103.3,2025-03-01,MD,pers,immigration,6
EB104.1,2025-10-01,MD,pers,immigration,5
EB105.2,2026-03-01,MD,pers,immigration,4
EB101.3,2024-04-01,ME,pers,immigration,8
EB102.2,2024-10-01,ME,pers,immigration,7.000000000000001
EB103.3,2025-03-01,ME,pers,immigration,8
EB104.1,2025-10-01,ME,pers,immigration,6
EB105.2,2026-03-01,ME,pers,immigration,9
EB101.3,2024-04-01,MK,pers,immigration,8
EB102.2,2024-10-01,MK,pers,immigration,10
EB103.3,2025-03-01,MK,pers,immigration,7.000000000000001
EB104.1,2025-10-01,MK,pers,immigration,10
EB105.2,2026-03-01,MK,pers,immigration,11
EB101.3,2024-04-01,MT,pers,immigration,13
EB102.2,2024-10-01,MT,pers,immigration,14.000000000000002
EB103.3,2025-03-01,MT,pers,immigration,11
EB104.1,2025-10-01,MT,pers,immigration,14.000000000000002
EB105.2,2026-03-01,MT,pers,immigration,11
EB101.3,2024-04-01,NL,pers,immigration,8
EB102.2,2024-10-01,NL,pers,immigration,7.000000000000001
EB103.3,2025-03-01,NL,pers,immigration,4
EB104.1,2025-10-01,NL,pers,immigration,6
EB105.2,2026-03-01,NL,pers,immigration,8
EB101.3,2024-04-01,PL,pers,immigration,4
EB102.2,2024-10-01,PL,pers,immigration,5
EB103.3,2025-03-01,PL,pers,immigration,4
EB104.1,2025-10-01,PL,pers,immigration,6
EB105.2,2026-03-01,PL,pers,immigration,4
EB101.3,2024-04-01,PT,pers,immigration,2
EB102.2,2024-10-01,PT,pers,immigration,2
EB103.3,2025-03-01,PT,pers,immigration,4
EB104.1,2025-10-01,PT,pers,immigration,3
EB105.2,2026-03-01,PT,pers,immigration,2
EB101.3,2024-04-01,RO,pers,immigration,3
EB102.2,2024-10-01,RO,pers,immigration,3
EB103.3,2025-03-01,RO,pers,immigration,3
EB104.1,2025-10-01,RO,pers,immigration,4
EB105.2,2026-03-01,RO,pers,immigration,4
EB101.3,2024-04-01,RS,pers,immigration,5
EB102.2,2024-10-01,RS,pers,immigration,3
EB103.3,2025-03-01,RS,pers,immigration,2
EB104.1,2025-10-01,RS,pers,immigration,5
EB105.2,2026-03-01,RS,pers,immigration,5
EB101.3,2024-04-01,SE,pers,immigration,4
EB102.2,2024-10-01,SE,pers,immigration,3
EB103.3,2025-03-01,SE,pers,immigration,3
EB104.1,2025-10-01,SE,pers,immigration,4
EB105.2,2026-03-01,SE,pers,immigration,4
EB101.3,2024-04-01,SI,pers,immigration,3
EB102.2,2024-10-01,SI,pers,immigration,4
EB103.3,2025-03-01,SI,pers,immigration,3
EB104.1,2025-10-01,SI,pers,immigration,3
EB105.2,2026-03-01,SI,pers,immigration,3
EB101.3,2024-04-01,SK,pers,immigration,2
EB102.2,2024-10-01,SK,pers,immigration,2
EB103.3,2025-03-01,SK,pers,immigration,2
EB104.1,2025-10-01,SK,pers,immigration,3
EB105.2,2026-03-01,SK,pers,immigration,3
EB101.3,2024-04-01,TR,pers,immigration,8
EB102.2,2024-10-01,TR,pers,immigration,8
EB103.3,2025-03-01,TR,pers,immigration,5
EB104.1,2025-10-01,TR,pers,immigration,6
EB105.2,2026-03-01,TR,pers,immigration,4
EB101.3,2024-04-01,UK,pers,immigration,5
EB102.2,2024-10-01,UK,pers,immigration,5
EB103.3,2025-03-01,UK,pers,immigration,7.000000000000001
EB104.1,2025-10-01,UK,pers,immigration,9
EB105.2,2026-03-01,UK,pers,immigration,8
EB101.3,2024-04-01,XK,pers,immigration,8
EB102.2,2024-10-01,XK,pers,immigration,7.000000000000001
EB103.3,2025-03-01,XK,pers,immigration,6
EB104.1,2025-10-01,XK,pers,immigration,7.000000000000001
EB105.2,2026-03-01,XK,pers,immigration,3
